ROUGE-Type,Task Name,System Name,Avg_Recall,Avg_Precision,Avg_F-Score,Num Reference Summaries
ROUGE-L+StopWordRemoval,PRICE,AMAZON,0,50000,0,11538,0,18750,1

ROUGE-1+StopWordRemoval,PRICE,AMAZON,0,46154,0,09836,0,16216,1

ROUGE-2+StopWordRemoval,PRICE,AMAZON,0,09091,0,01786,0,02985,1

ROUGE-SU4+StopWordRemoval,PRICE,AMAZON,0,22222,0,03922,0,06667,1

ROUGE-L+StopWordRemoval,SOUND,IPOD,0,28571,0,05128,0,08696,1

ROUGE-1+StopWordRemoval,SOUND,IPOD,0,28571,0,04167,0,07273,1

ROUGE-2+StopWordRemoval,SOUND,IPOD,0,20000,0,02326,0,04167,1

ROUGE-SU4+StopWordRemoval,SOUND,IPOD,0,18750,0,01579,0,02913,1

ROUGE-L+StopWordRemoval,BATTERY-LIFE,NETBOOK,0,25000,0,09091,0,13333,1

ROUGE-1+StopWordRemoval,BATTERY-LIFE,NETBOOK,0,33333,0,05660,0,09677,1

ROUGE-2+StopWordRemoval,BATTERY-LIFE,NETBOOK,0,00000,0,00000,0,00000,1

ROUGE-SU4+StopWordRemoval,BATTERY-LIFE,NETBOOK,0,16000,0,01860,0,03333,1

ROUGE-L+StopWordRemoval,SPEED,WINDOWS7.TXT.SYS.HEAD5,0,20000,0,08333,0,11765,1

ROUGE-1+StopWordRemoval,SPEED,WINDOWS7.TXT.SYS.HEAD5,0,18750,0,06122,0,09231,1

ROUGE-2+StopWordRemoval,SPEED,WINDOWS7.TXT.SYS.HEAD5,0,07692,0,02273,0,03509,1

ROUGE-SU4+StopWordRemoval,SPEED,WINDOWS7.TXT.SYS.HEAD5,0,08000,0,02041,0,03252,1

ROUGE-L+StopWordRemoval,ROOM,HOLIDAY,0,37500,0,06383,0,10909,1

ROUGE-1+StopWordRemoval,ROOM,HOLIDAY,0,37500,0,04918,0,08696,1

ROUGE-2+StopWordRemoval,ROOM,HOLIDAY,0,00000,0,00000,0,00000,1

ROUGE-SU4+StopWordRemoval,ROOM,HOLIDAY,0,13043,0,01176,0,02158,1

